{
  "pages": [
    {
      "items": [
        {
          "type": "army_composition",
          "x": -118639.02763496747,
          "y": -103686.56170874753
        }
      ]
    }
  ]
}