{
  "default": {
    "team1": [
      [
        469.34999999999997,
        168.23333333333335
      ],
      [
        469.34999999999997,
        312.43333333333334
      ],
      [
        469.34999999999997,
        456.6333333333334
      ],
      [
        469.34999999999997,
        600.8333333333334
      ],
      [
        201.14999999999998,
        168.23333333333335
      ],
      [
        201.14999999999998,
        312.43333333333334
      ],
      [
        201.14999999999998,
        456.6333333333334
      ],
      [
        201.14999999999998,
        600.8333333333334
      ]
    ],
    "team2": [
      [
        771.0749999999999,
        168.23333333333335
      ],
      [
        771.0749999999999,
        312.43333333333334
      ],
      [
        771.0749999999999,
        456.6333333333334
      ],
      [
        771.0749999999999,
        600.8333333333334
      ],
      [
        1039.2749999999999,
        168.23333333333335
      ],
      [
        1039.2749999999999,
        312.43333333333334
      ],
      [
        1039.2749999999999,
        456.6333333333334
      ],
      [
        1039.2749999999999,
        600.8333333333334
      ]
    ]
  }
}