{
  "Default": {
    "team1": [
      [
        469.34999999999997,
        192.26666666666668
      ],
      [
        469.34999999999997,
        336.4666666666667
      ],
      [
        469.34999999999997,
        480.6666666666667
      ],
      [
        469.34999999999997,
        624.8666666666667
      ],
      [
        268.2,
        192.26666666666668
      ],
      [
        268.2,
        336.4666666666667
      ],
      [
        268.2,
        480.6666666666667
      ],
      [
        268.2,
        624.8666666666667
      ]
    ],
    "team2": [
      [
        804.5999999999999,
        192.26666666666668
      ],
      [
        804.5999999999999,
        336.4666666666667
      ],
      [
        804.5999999999999,
        480.6666666666667
      ],
      [
        804.5999999999999,
        624.8666666666667
      ],
      [
        1005.75,
        192.26666666666668
      ],
      [
        1005.75,
        336.4666666666667
      ],
      [
        1005.75,
        480.6666666666667
      ],
      [
        1005.75,
        624.8666666666667
      ]
    ]
  },
  "default": {
    "team1": [
      [
        469.34999999999997,
        192.26666666666668
      ],
      [
        469.34999999999997,
        312.43333333333334
      ],
      [
        201.14999999999998,
        552.7666666666667
      ],
      [
        201.14999999999998,
        432.6
      ],
      [
        201.14999999999998,
        192.26666666666668
      ],
      [
        201.14999999999998,
        312.43333333333334
      ],
      [
        469.34999999999997,
        432.6
      ],
      [
        469.34999999999997,
        552.7666666666667
      ]
    ],
    "team2": [
      [
        771.0749999999999,
        192.26666666666668
      ],
      [
        771.0749999999999,
        312.43333333333334
      ],
      [
        771.0749999999999,
        432.6
      ],
      [
        771.0749999999999,
        552.7666666666667
      ],
      [
        1039.2749999999999,
        192.26666666666668
      ],
      [
        1039.2749999999999,
        312.43333333333334
      ],
      [
        1039.2749999999999,
        432.6
      ],
      [
        1039.2749999999999,
        552.7666666666667
      ]
    ]
  },
  "MainLayout": {
    "team1": [
      [
        469.34999999999997,
        168.23333333333335
      ],
      [
        469.34999999999997,
        312.43333333333334
      ],
      [
        469.34999999999997,
        456.6333333333334
      ],
      [
        469.34999999999997,
        600.8333333333334
      ],
      [
        201.14999999999998,
        168.23333333333335
      ],
      [
        201.14999999999998,
        312.43333333333334
      ],
      [
        201.14999999999998,
        456.6333333333334
      ],
      [
        201.14999999999998,
        600.8333333333334
      ]
    ],
    "team2": [
      [
        771.0749999999999,
        168.23333333333335
      ],
      [
        771.0749999999999,
        312.43333333333334
      ],
      [
        771.0749999999999,
        456.6333333333334
      ],
      [
        771.0749999999999,
        600.8333333333334
      ],
      [
        1039.2749999999999,
        168.23333333333335
      ],
      [
        1039.2749999999999,
        312.43333333333334
      ],
      [
        1039.2749999999999,
        456.6333333333334
      ],
      [
        1039.2749999999999,
        600.8333333333334
      ]
    ]
  }
}