{
  "default": {
    "team1": [
      [
        469.34999999999997,
        168.23333333333335
      ],
      [
        469.34999999999997,
        312.43333333333334
      ],
      [
        469.34999999999997,
        456.6333333333334
      ],
      [
        469.34999999999997,
        600.8333333333334
      ],
      [
        201.14999999999998,
        168.23333333333335
      ],
      [
        201.14999999999998,
        312.43333333333334
      ],
      [
        201.14999999999998,
        456.6333333333334
      ],
      [
        201.14999999999998,
        600.8333333333334
      ]
    ],
    "team2": [
      [
        771.0749999999999,
        168.23333333333335
      ],
      [
        771.0749999999999,
        312.43333333333334
      ],
      [
        771.0749999999999,
        456.6333333333334
      ],
      [
        771.0749999999999,
        600.8333333333334
      ],
      [
        1039.2749999999999,
        168.23333333333335
      ],
      [
        1039.2749999999999,
        312.43333333333334
      ],
      [
        1039.2749999999999,
        456.6333333333334
      ],
      [
        1039.2749999999999,
        600.8333333333334
      ]
    ]
  },
  "Field": {
    "team1": [
      [
        435.825,
        312.43333333333334
      ],
      [
        469.34999999999997,
        312.43333333333334
      ],
      [
        469.34999999999997,
        360.5
      ],
      [
        435.825,
        360.5
      ],
      [
        368.775,
        312.43333333333334
      ],
      [
        402.29999999999995,
        312.43333333333334
      ],
      [
        402.29999999999995,
        360.5
      ],
      [
        368.775,
        360.5
      ]
    ],
    "team2": [
      [
        771.0749999999999,
        312.43333333333334
      ],
      [
        737.55,
        312.43333333333334
      ],
      [
        737.55,
        360.5
      ],
      [
        838.125,
        312.43333333333334
      ],
      [
        771.0749999999999,
        360.5
      ],
      [
        804.5999999999999,
        312.43333333333334
      ],
      [
        804.5999999999999,
        360.5
      ],
      [
        838.125,
        360.5
      ]
    ]
  }
}