{
  "max_stars": 6,
  "star_vertical_ratio": 0.88,
  "star_side_margin_ratio": 0.04,
  "star_color": "#ff646464",
  "v_offsets": [
    -1.45,
    -0.9199999999999999,
    -0.44999999999999996,
    -0.45,
    -0.92,
    -1.45
  ],
  "h_offsets": [
    0.0,
    -0.04,
    -0.11999999999999998,
    0.05,
    -0.05,
    -0.11999999999999998
  ],
  "size_factors": [
    1.04,
    1.04,
    1.05,
    1.05,
    1.04,
    1.04
  ]
}