{
  "max_stars": 6,
  "star_vertical_ratio": 0.88,
  "star_side_margin_ratio": 0.04,
  "star_color": "#ff646464",
  "v_offsets": [
    -1.1299999999999997,
    -0.6899999999999998,
    -0.2999999999999999,
    -0.2999999999999999,
    -0.6899999999999998,
    -1.1399999999999997
  ],
  "h_offsets": [
    0.03,
    -0.04,
    -0.11,
    0.05,
    -0.04,
    -0.08000000000000002
  ],
  "size_factors": [
    1.0,
    1.0,
    1.0,
    1.0,
    1.0,
    1.0
  ]
}